{"cameraMode":{"drawMode":0,"name":"Shaded","section":"Shading Mode"},"sceneLighting":true,"audioPlay":false,"sceneViewState":{"m_AlwaysRefresh":false,"showFog":true,"showSkybox":true,"showFlares":true,"showImageEffects":true,"showParticleSystems":true,"showVisualEffectGraphs":true,"m_FxEnabled":true},"in2DMode":false,"pivot":{"x":-0.24528145790100099,"y":7.537351608276367,"z":-15.783708572387696},"rotation":{"x":-0.15512940287590028,"y":-0.05480765551328659,"z":0.008619870990514756,"w":-0.9863371253013611},"size":9.124234199523926,"orthographic":true}